Pclass,Sex,Age,SibSp,Parch,Fare
-1.068462540065704,3.889324118005492,-0.03370603122536843,-367974743695690.2,514621528865107.44,0.05752093850762309
